Model,Accuracy,Precision,Recall,F1 Score,ROC AUC
Logistic Regression,0.8673469387755102,0.6538461538461539,0.3617021276595745,0.4657534246575342,0.8069601171504868
Decision Tree,0.7687074829931972,0.3018867924528302,0.3404255319148936,0.32,0.5953139805323456
Random Forest,0.8401360544217688,0.5,0.1702127659574468,0.25396825396825395,0.7635024549918167
Gradient Boosting,0.8435374149659864,0.5294117647058824,0.19148936170212766,0.28125,0.8033422344732535
Neural Network,0.8673469387755102,0.625,0.425531914893617,0.5063291139240507,0.7727625118442588
