Model,Accuracy,Precision,Recall,F1 Score,ROC AUC,Confusion Matrix
Logistic Regression,0.8673469387755102,0.6538461538461539,0.3617021276595745,0.4657534246575342,0.8069601171504868,"[[17, 30], [9, 238]]"
Decision Tree,0.7721088435374149,0.3076923076923077,0.3404255319148936,0.32323232323232326,0.5973382720303213,"[[16, 31], [36, 211]]"
Random Forest,0.8333333333333334,0.42857142857142855,0.1276595744680851,0.19672131147540983,0.816866224481006,"[[6, 41], [8, 239]]"
Gradient Boosting,0.8435374149659864,0.5294117647058824,0.19148936170212766,0.28125,0.8014471530708933,"[[9, 38], [8, 239]]"
Neural Network,0.8673469387755102,0.6176470588235294,0.44680851063829785,0.5185185185185185,0.7858558015332932,"[[21, 26], [13, 234]]"
